<?xml version="1.0" encoding="UTF-8"?>
<project-private xmlns="http://www.netbeans.org/ns/project-private/1">
    <editor-bookmarks xmlns="http://www.netbeans.org/ns/editor-bookmarks/2" lastBookmarkId="0"/>
    <open-files xmlns="http://www.netbeans.org/ns/projectui-open-files/2">
        <group>
            <file>file:/C:/Users/Zady-/Documents/Tec/Agosto%20Diciembre%202019/POO/Sensores_Jesus/src/GrupoSensor.java</file>
            <file>file:/C:/Users/Zady-/Documents/Tec/Agosto%20Diciembre%202019/POO/Sensores_Jesus/src/Cargable.java</file>
            <file>file:/C:/Users/Zady-/Documents/Tec/Agosto%20Diciembre%202019/POO/Sensores_Jesus/src/Sensor.java</file>
            <file>file:/C:/Users/Zady-/Documents/Tec/Agosto%20Diciembre%202019/POO/Sensores_Jesus/src/Ultrasonido.java</file>
            <file>file:/C:/Users/Zady-/Documents/Tec/Agosto%20Diciembre%202019/POO/Sensores_Jesus/src/Temperatura.java</file>
            <file>file:/C:/Users/Zady-/Documents/Tec/Agosto%20Diciembre%202019/POO/Sensores_Jesus/src/ExamenFinal.java</file>
        </group>
    </open-files>
</project-private>
