<?xml version="1.0" encoding="UTF-8"?>
<project-private xmlns="http://www.netbeans.org/ns/project-private/1">
    <editor-bookmarks xmlns="http://www.netbeans.org/ns/editor-bookmarks/2" lastBookmarkId="0"/>
    <open-files xmlns="http://www.netbeans.org/ns/projectui-open-files/2">
        <group>
            <file>file:/C:/Users/Zady-/Documents/Tec/Agosto%20Diciembre%202019/POO/TareaClases/src/PruebaEmpleado.java</file>
            <file>file:/C:/Users/Zady-/Documents/Tec/Agosto%20Diciembre%202019/POO/TareaClases/src/PruebaVolado.java</file>
            <file>file:/C:/Users/Zady-/Documents/Tec/Agosto%20Diciembre%202019/POO/TareaClases/src/Numero.java</file>
            <file>file:/C:/Users/Zady-/Documents/Tec/Agosto%20Diciembre%202019/POO/TareaClases/src/Volado.java</file>
            <file>file:/C:/Users/Zady-/Documents/Tec/Agosto%20Diciembre%202019/POO/TareaClases/src/PruebaNumero.java</file>
            <file>file:/C:/Users/Zady-/Documents/Tec/Agosto%20Diciembre%202019/POO/TareaClases/src/Empleado.java</file>
        </group>
    </open-files>
</project-private>
