<?xml version="1.0" encoding="UTF-8"?>
<project-private xmlns="http://www.netbeans.org/ns/project-private/1">
    <editor-bookmarks xmlns="http://www.netbeans.org/ns/editor-bookmarks/2" lastBookmarkId="0"/>
    <open-files xmlns="http://www.netbeans.org/ns/projectui-open-files/2">
        <group>
            <file>file:/C:/Users/Zady-/Documents/Tec/Agosto%20Diciembre%202019/POO/Tarea_Racional/src/PruebaRacional.java</file>
            <file>file:/C:/Users/Zady-/Documents/Tec/Agosto%20Diciembre%202019/POO/Tarea_Racional/src/CalculadoraRacionales.java</file>
            <file>file:/C:/Users/Zady-/Documents/Tec/Agosto%20Diciembre%202019/POO/Tarea_Racional/src/Racional.java</file>
        </group>
    </open-files>
</project-private>
